<?xml version="1.0" encoding="ISO-8859-1" ?>
<link_info>
   <banner>TI ARM Linker PC v20.2.7.LTS</banner>
   <copyright>Copyright (c) 1996-2018 Texas Instruments Incorporated</copyright>
   <link_time>0x65e587a0</link_time>
   <link_errors>0x0</link_errors>
   <output_file>uart_echo.out</output_file>
   <entry_point>
      <name>_c_int00_noargs</name>
      <address>0x73d</address>
   </entry_point>
   <input_file_list>
      <input_file id="fl-2">
         <path>.\</path>
         <kind>object</kind>
         <file>startup_ccs.obj</file>
         <name>startup_ccs.obj</name>
      </input_file>
      <input_file id="fl-3">
         <path>.\</path>
         <kind>object</kind>
         <file>uart_echo.obj</file>
         <name>uart_echo.obj</name>
      </input_file>
      <input_file id="fl-8">
         <kind>object</kind>
         <file>&lt;internal&gt;</file>
         <name>&lt;internal&gt;</name>
      </input_file>
      <input_file id="fl-be">
         <path>C:\ti\ccsv6\tools\compiler\ti-cgt-arm_20.2.7.LTS\lib\</path>
         <kind>archive</kind>
         <file>rtsv7M4_T_le_v4SPD16_eabi.lib</file>
         <name>copy_zero_init.c.obj</name>
      </input_file>
      <input_file id="fl-bf">
         <path>C:\ti\ccsv6\tools\compiler\ti-cgt-arm_20.2.7.LTS\lib\</path>
         <kind>archive</kind>
         <file>rtsv7M4_T_le_v4SPD16_eabi.lib</file>
         <name>copy_decompress_none.c.obj</name>
      </input_file>
      <input_file id="fl-c0">
         <path>C:\ti\ccsv6\tools\compiler\ti-cgt-arm_20.2.7.LTS\lib\</path>
         <kind>archive</kind>
         <file>rtsv7M4_T_le_v4SPD16_eabi.lib</file>
         <name>copy_decompress_lzss.c.obj</name>
      </input_file>
      <input_file id="fl-c1">
         <path>C:\ti\ccsv6\tools\compiler\ti-cgt-arm_20.2.7.LTS\lib\</path>
         <kind>archive</kind>
         <file>rtsv7M4_T_le_v4SPD16_eabi.lib</file>
         <name>boot_cortex_m.c.obj</name>
      </input_file>
      <input_file id="fl-c2">
         <path>C:\ti\ccsv6\tools\compiler\ti-cgt-arm_20.2.7.LTS\lib\</path>
         <kind>archive</kind>
         <file>rtsv7M4_T_le_v4SPD16_eabi.lib</file>
         <name>memcpy_t2.asm.obj</name>
      </input_file>
      <input_file id="fl-c3">
         <path>C:\ti\ccsv6\tools\compiler\ti-cgt-arm_20.2.7.LTS\lib\</path>
         <kind>archive</kind>
         <file>rtsv7M4_T_le_v4SPD16_eabi.lib</file>
         <name>memset_t2.asm.obj</name>
      </input_file>
      <input_file id="fl-c4">
         <path>C:\ti\ccsv6\tools\compiler\ti-cgt-arm_20.2.7.LTS\lib\</path>
         <kind>archive</kind>
         <file>rtsv7M4_T_le_v4SPD16_eabi.lib</file>
         <name>autoinit.c.obj</name>
      </input_file>
      <input_file id="fl-c5">
         <path>C:\ti\ccsv6\tools\compiler\ti-cgt-arm_20.2.7.LTS\lib\</path>
         <kind>archive</kind>
         <file>rtsv7M4_T_le_v4SPD16_eabi.lib</file>
         <name>pre_init.c.obj</name>
      </input_file>
      <input_file id="fl-c6">
         <path>C:\ti\ccsv6\tools\compiler\ti-cgt-arm_20.2.7.LTS\lib\</path>
         <kind>archive</kind>
         <file>rtsv7M4_T_le_v4SPD16_eabi.lib</file>
         <name>cpy_tbl.c.obj</name>
      </input_file>
      <input_file id="fl-c7">
         <path>C:\ti\ccsv6\tools\compiler\ti-cgt-arm_20.2.7.LTS\lib\</path>
         <kind>archive</kind>
         <file>rtsv7M4_T_le_v4SPD16_eabi.lib</file>
         <name>exit.c.obj</name>
      </input_file>
      <input_file id="fl-c8">
         <path>C:\ti\ccsv6\tools\compiler\ti-cgt-arm_20.2.7.LTS\lib\</path>
         <kind>archive</kind>
         <file>rtsv7M4_T_le_v4SPD16_eabi.lib</file>
         <name>_lock.c.obj</name>
      </input_file>
      <input_file id="fl-c9">
         <path>C:\ti\ccsv6\tools\compiler\ti-cgt-arm_20.2.7.LTS\lib\</path>
         <kind>archive</kind>
         <file>rtsv7M4_T_le_v4SPD16_eabi.lib</file>
         <name>args_main.c.obj</name>
      </input_file>
      <input_file id="fl-ca">
         <path>C:\ti\tivaware_c_series_2_1_4_178\driverlib\ccs\Debug\</path>
         <kind>archive</kind>
         <file>driverlib.lib</file>
         <name>gpio.obj</name>
      </input_file>
      <input_file id="fl-cb">
         <path>C:\ti\tivaware_c_series_2_1_4_178\driverlib\ccs\Debug\</path>
         <kind>archive</kind>
         <file>driverlib.lib</file>
         <name>interrupt.obj</name>
      </input_file>
      <input_file id="fl-cc">
         <path>C:\ti\tivaware_c_series_2_1_4_178\driverlib\ccs\Debug\</path>
         <kind>archive</kind>
         <file>driverlib.lib</file>
         <name>sysctl.obj</name>
      </input_file>
      <input_file id="fl-cd">
         <path>C:\ti\tivaware_c_series_2_1_4_178\driverlib\ccs\Debug\</path>
         <kind>archive</kind>
         <file>driverlib.lib</file>
         <name>cpu.obj</name>
      </input_file>
   </input_file_list>
   <object_component_list>
      <object_component id="oc-12">
         <name>.intvecs</name>
         <load_address>0x0</load_address>
         <run_address>0x0</run_address>
         <size>0x26c</size>
         <input_file_ref idref="fl-2"/>
      </object_component>
      <object_component id="oc-c0">
         <name>.text:main</name>
         <load_address>0x26c</load_address>
         <run_address>0x26c</run_address>
         <size>0x160</size>
         <input_file_ref idref="fl-3"/>
      </object_component>
      <object_component id="oc-101">
         <name>.text:SysCtlClockGet</name>
         <load_address>0x3cc</load_address>
         <run_address>0x3cc</run_address>
         <size>0x110</size>
         <input_file_ref idref="fl-cc"/>
      </object_component>
      <object_component id="oc-3f">
         <name>.text:UARTIntHandler</name>
         <load_address>0x4dc</load_address>
         <run_address>0x4dc</run_address>
         <size>0xd0</size>
         <input_file_ref idref="fl-3"/>
      </object_component>
      <object_component id="oc-53">
         <name>.text</name>
         <load_address>0x5ac</load_address>
         <run_address>0x5ac</run_address>
         <size>0x9c</size>
         <input_file_ref idref="fl-c2"/>
      </object_component>
      <object_component id="oc-15">
         <name>.text:decompress:lzss:__TI_decompress_lzss</name>
         <load_address>0x648</load_address>
         <run_address>0x648</run_address>
         <size>0x68</size>
         <input_file_ref idref="fl-c0"/>
      </object_component>
      <object_component id="oc-f5">
         <name>.text:GPIOPinConfigure</name>
         <load_address>0x6b0</load_address>
         <run_address>0x6b0</run_address>
         <size>0x48</size>
         <input_file_ref idref="fl-ca"/>
      </object_component>
      <object_component id="oc-115">
         <name>.text:__TI_auto_init_nobinit_nopinit:__TI_auto_init_nobinit_nopinit</name>
         <load_address>0x6f8</load_address>
         <run_address>0x6f8</run_address>
         <size>0x44</size>
         <input_file_ref idref="fl-c4"/>
      </object_component>
      <object_component id="oc-71">
         <name>.text:_c_int00_noargs:_c_int00_noargs</name>
         <load_address>0x73c</load_address>
         <run_address>0x73c</run_address>
         <size>0x34</size>
         <input_file_ref idref="fl-c1"/>
      </object_component>
      <object_component id="oc-fb">
         <name>.text:UARTSend</name>
         <load_address>0x770</load_address>
         <run_address>0x770</run_address>
         <size>0x28</size>
         <input_file_ref idref="fl-3"/>
      </object_component>
      <object_component id="oc-1b">
         <name>.text:decompress:none:__TI_decompress_none</name>
         <load_address>0x798</load_address>
         <run_address>0x798</run_address>
         <size>0xe</size>
         <input_file_ref idref="fl-bf"/>
      </object_component>
      <object_component id="oc-89">
         <name>.text:GPIOPinWrite</name>
         <load_address>0x7a6</load_address>
         <run_address>0x7a6</run_address>
         <size>0x6</size>
         <input_file_ref idref="fl-ca"/>
      </object_component>
      <object_component id="oc-27">
         <name>.text:ResetISR</name>
         <load_address>0x7ac</load_address>
         <run_address>0x7ac</run_address>
         <size>0x6</size>
         <input_file_ref idref="fl-2"/>
      </object_component>
      <object_component id="oc-107">
         <name>.text:SysCtlDelay</name>
         <load_address>0x7b2</load_address>
         <run_address>0x7b2</run_address>
         <size>0x6</size>
         <input_file_ref idref="fl-cc"/>
      </object_component>
      <object_component id="oc-ba">
         <name>.text:_system_pre_init</name>
         <load_address>0x7b8</load_address>
         <run_address>0x7b8</run_address>
         <size>0x4</size>
         <input_file_ref idref="fl-c5"/>
      </object_component>
      <object_component id="oc-109">
         <name>.text:abort:abort</name>
         <load_address>0x7bc</load_address>
         <run_address>0x7bc</run_address>
         <size>0x4</size>
         <input_file_ref idref="fl-c7"/>
      </object_component>
      <object_component id="oc-33">
         <name>.text:FaultISR</name>
         <load_address>0x7c0</load_address>
         <run_address>0x7c0</run_address>
         <size>0x2</size>
         <input_file_ref idref="fl-2"/>
      </object_component>
      <object_component id="oc-39">
         <name>.text:IntDefaultHandler</name>
         <load_address>0x7c2</load_address>
         <run_address>0x7c2</run_address>
         <size>0x2</size>
         <input_file_ref idref="fl-2"/>
      </object_component>
      <object_component id="oc-2d">
         <name>.text:NmiSR</name>
         <load_address>0x7c4</load_address>
         <run_address>0x7c4</run_address>
         <size>0x2</size>
         <input_file_ref idref="fl-2"/>
      </object_component>
      <object_component id="oc-149">
         <name>.const:g_pui32GPIOBaseAddrs</name>
         <load_address>0x7c8</load_address>
         <run_address>0x7c8</run_address>
         <size>0x90</size>
         <input_file_ref idref="fl-ca"/>
      </object_component>
      <object_component id="oc-14f">
         <name>.const:g_pui32Xtals</name>
         <load_address>0x858</load_address>
         <run_address>0x858</run_address>
         <size>0x6c</size>
         <input_file_ref idref="fl-cc"/>
      </object_component>
      <object_component id="oc-1da">
         <name>__TI_handler_table</name>
         <load_address>0x8c8</load_address>
         <run_address>0x8c8</run_address>
         <size>0x8</size>
      </object_component>
      <object_component id="oc-1dc">
         <name>.cinit..data.load</name>
         <load_address>0x8d0</load_address>
         <run_address>0x8d0</run_address>
         <size>0x7</size>
      </object_component>
      <object_component id="oc-1db">
         <name>__TI_cinit_table</name>
         <load_address>0x8d8</load_address>
         <run_address>0x8d8</run_address>
         <size>0x8</size>
      </object_component>
      <object_component id="oc-8f">
         <name>.data</name>
         <load_address>0x20000100</load_address>
         <run_address>0x20000100</run_address>
         <size>0x4</size>
         <input_file_ref idref="fl-3"/>
      </object_component>
      <object_component id="oc-24">
         <name>.stack</name>
         <uninitialized>true</uninitialized>
         <run_address>0x20000000</run_address>
         <size>0x4</size>
         <input_file_ref idref="fl-c1"/>
      </object_component>
      <object_component id="oc-1de">
         <name>.stack</name>
         <uninitialized>true</uninitialized>
         <run_address>0x20000000</run_address>
         <size>0x0</size>
      </object_component>
      <object_component id="oc-47">
         <name>.debug_info</name>
         <load_address>0x0</load_address>
         <run_address>0x0</run_address>
         <size>0x2ac</size>
         <input_file_ref idref="fl-2"/>
      </object_component>
      <object_component id="oc-13">
         <name>.debug_info</name>
         <load_address>0x2ac</load_address>
         <run_address>0x2ac</run_address>
         <size>0xc7</size>
         <input_file_ref idref="fl-2"/>
      </object_component>
      <object_component id="oc-2a">
         <name>.debug_info</name>
         <load_address>0x373</load_address>
         <run_address>0x373</run_address>
         <size>0xf7</size>
         <input_file_ref idref="fl-2"/>
      </object_component>
      <object_component id="oc-2e">
         <name>.debug_info</name>
         <load_address>0x46a</load_address>
         <run_address>0x46a</run_address>
         <size>0xe8</size>
         <input_file_ref idref="fl-2"/>
      </object_component>
      <object_component id="oc-3b">
         <name>.debug_info</name>
         <load_address>0x552</load_address>
         <run_address>0x552</run_address>
         <size>0x100</size>
         <input_file_ref idref="fl-2"/>
      </object_component>
      <object_component id="oc-36">
         <name>.debug_info</name>
         <load_address>0x652</load_address>
         <run_address>0x652</run_address>
         <size>0xee</size>
         <input_file_ref idref="fl-2"/>
      </object_component>
      <object_component id="oc-9a">
         <name>.debug_info</name>
         <load_address>0x740</load_address>
         <run_address>0x740</run_address>
         <size>0x26b</size>
         <input_file_ref idref="fl-2"/>
      </object_component>
      <object_component id="oc-4e">
         <name>.debug_info</name>
         <load_address>0x9ab</load_address>
         <run_address>0x9ab</run_address>
         <size>0x84</size>
         <input_file_ref idref="fl-2"/>
      </object_component>
      <object_component id="oc-e0">
         <name>.debug_info</name>
         <load_address>0xa2f</load_address>
         <run_address>0xa2f</run_address>
         <size>0x2a4</size>
         <input_file_ref idref="fl-2"/>
      </object_component>
      <object_component id="oc-93">
         <name>.debug_info</name>
         <load_address>0xcd3</load_address>
         <run_address>0xcd3</run_address>
         <size>0xbb</size>
         <input_file_ref idref="fl-2"/>
      </object_component>
      <object_component id="oc-14e">
         <name>.debug_info</name>
         <load_address>0xd8e</load_address>
         <run_address>0xd8e</run_address>
         <size>0x30b</size>
         <input_file_ref idref="fl-3"/>
      </object_component>
      <object_component id="oc-90">
         <name>.debug_info</name>
         <load_address>0x1099</load_address>
         <run_address>0x1099</run_address>
         <size>0xaf</size>
         <input_file_ref idref="fl-3"/>
      </object_component>
      <object_component id="oc-fe">
         <name>.debug_info</name>
         <load_address>0x1148</load_address>
         <run_address>0x1148</run_address>
         <size>0x168</size>
         <input_file_ref idref="fl-3"/>
      </object_component>
      <object_component id="oc-c4">
         <name>.debug_info</name>
         <load_address>0x12b0</load_address>
         <run_address>0x12b0</run_address>
         <size>0x242</size>
         <input_file_ref idref="fl-3"/>
      </object_component>
      <object_component id="oc-40">
         <name>.debug_info</name>
         <load_address>0x14f2</load_address>
         <run_address>0x14f2</run_address>
         <size>0x1c2</size>
         <input_file_ref idref="fl-3"/>
      </object_component>
      <object_component id="oc-db">
         <name>.debug_info</name>
         <load_address>0x16b4</load_address>
         <run_address>0x16b4</run_address>
         <size>0x8b</size>
         <input_file_ref idref="fl-3"/>
      </object_component>
      <object_component id="oc-5e">
         <name>.debug_info</name>
         <load_address>0x173f</load_address>
         <run_address>0x173f</run_address>
         <size>0x2a8</size>
         <input_file_ref idref="fl-bf"/>
      </object_component>
      <object_component id="oc-1e">
         <name>.debug_info</name>
         <load_address>0x19e7</load_address>
         <run_address>0x19e7</run_address>
         <size>0x1ea</size>
         <input_file_ref idref="fl-bf"/>
      </object_component>
      <object_component id="oc-59">
         <name>.debug_info</name>
         <load_address>0x1bd1</load_address>
         <run_address>0x1bd1</run_address>
         <size>0x46</size>
         <input_file_ref idref="fl-bf"/>
      </object_component>
      <object_component id="oc-a6">
         <name>.debug_info</name>
         <load_address>0x1c17</load_address>
         <run_address>0x1c17</run_address>
         <size>0x2c</size>
         <input_file_ref idref="fl-bf"/>
      </object_component>
      <object_component id="oc-a4">
         <name>.debug_info</name>
         <load_address>0x1c43</load_address>
         <run_address>0x1c43</run_address>
         <size>0x29e</size>
         <input_file_ref idref="fl-c0"/>
      </object_component>
      <object_component id="oc-16">
         <name>.debug_info</name>
         <load_address>0x1ee1</load_address>
         <run_address>0x1ee1</run_address>
         <size>0x250</size>
         <input_file_ref idref="fl-c0"/>
      </object_component>
      <object_component id="oc-49">
         <name>.debug_info</name>
         <load_address>0x2131</load_address>
         <run_address>0x2131</run_address>
         <size>0x60</size>
         <input_file_ref idref="fl-c0"/>
      </object_component>
      <object_component id="oc-e5">
         <name>.debug_info</name>
         <load_address>0x2191</load_address>
         <run_address>0x2191</run_address>
         <size>0x46</size>
         <input_file_ref idref="fl-c0"/>
      </object_component>
      <object_component id="oc-9f">
         <name>.debug_info</name>
         <load_address>0x21d7</load_address>
         <run_address>0x21d7</run_address>
         <size>0x39</size>
         <input_file_ref idref="fl-c0"/>
      </object_component>
      <object_component id="oc-25">
         <name>.debug_info</name>
         <load_address>0x2210</load_address>
         <run_address>0x2210</run_address>
         <size>0x10b</size>
         <input_file_ref idref="fl-c1"/>
      </object_component>
      <object_component id="oc-73">
         <name>.debug_info</name>
         <load_address>0x231b</load_address>
         <run_address>0x231b</run_address>
         <size>0x1a9</size>
         <input_file_ref idref="fl-c1"/>
      </object_component>
      <object_component id="oc-56">
         <name>.debug_info</name>
         <load_address>0x24c4</load_address>
         <run_address>0x24c4</run_address>
         <size>0x119</size>
         <input_file_ref idref="fl-c2"/>
      </object_component>
      <object_component id="oc-15e">
         <name>.debug_info</name>
         <load_address>0x25dd</load_address>
         <run_address>0x25dd</run_address>
         <size>0x4b3</size>
         <input_file_ref idref="fl-c4"/>
      </object_component>
      <object_component id="oc-116">
         <name>.debug_info</name>
         <load_address>0x2a90</load_address>
         <run_address>0x2a90</run_address>
         <size>0x1a6</size>
         <input_file_ref idref="fl-c4"/>
      </object_component>
      <object_component id="oc-18a">
         <name>.debug_info</name>
         <load_address>0x2c36</load_address>
         <run_address>0x2c36</run_address>
         <size>0x39</size>
         <input_file_ref idref="fl-c4"/>
      </object_component>
      <object_component id="oc-1a5">
         <name>.debug_info</name>
         <load_address>0x2c6f</load_address>
         <run_address>0x2c6f</run_address>
         <size>0x39</size>
         <input_file_ref idref="fl-c4"/>
      </object_component>
      <object_component id="oc-18f">
         <name>.debug_info</name>
         <load_address>0x2ca8</load_address>
         <run_address>0x2ca8</run_address>
         <size>0x39</size>
         <input_file_ref idref="fl-c4"/>
      </object_component>
      <object_component id="oc-194">
         <name>.debug_info</name>
         <load_address>0x2ce1</load_address>
         <run_address>0x2ce1</run_address>
         <size>0xcd</size>
         <input_file_ref idref="fl-c4"/>
      </object_component>
      <object_component id="oc-bb">
         <name>.debug_info</name>
         <load_address>0x2dae</load_address>
         <run_address>0x2dae</run_address>
         <size>0x153</size>
         <input_file_ref idref="fl-c5"/>
      </object_component>
      <object_component id="oc-10c">
         <name>.debug_info</name>
         <load_address>0x2f01</load_address>
         <run_address>0x2f01</run_address>
         <size>0x122</size>
         <input_file_ref idref="fl-c7"/>
      </object_component>
      <object_component id="oc-d8">
         <name>.debug_info</name>
         <load_address>0x3023</load_address>
         <run_address>0x3023</run_address>
         <size>0x240</size>
         <input_file_ref idref="fl-ca"/>
      </object_component>
      <object_component id="oc-14a">
         <name>.debug_info</name>
         <load_address>0x3263</load_address>
         <run_address>0x3263</run_address>
         <size>0x15b</size>
         <input_file_ref idref="fl-ca"/>
      </object_component>
      <object_component id="oc-8a">
         <name>.debug_info</name>
         <load_address>0x33be</load_address>
         <run_address>0x33be</run_address>
         <size>0x2a3</size>
         <input_file_ref idref="fl-ca"/>
      </object_component>
      <object_component id="oc-f6">
         <name>.debug_info</name>
         <load_address>0x3661</load_address>
         <run_address>0x3661</run_address>
         <size>0x280</size>
         <input_file_ref idref="fl-ca"/>
      </object_component>
      <object_component id="oc-d3">
         <name>.debug_info</name>
         <load_address>0x38e1</load_address>
         <run_address>0x38e1</run_address>
         <size>0x18b</size>
         <input_file_ref idref="fl-ca"/>
      </object_component>
      <object_component id="oc-179">
         <name>.debug_info</name>
         <load_address>0x3a6c</load_address>
         <run_address>0x3a6c</run_address>
         <size>0x298</size>
         <input_file_ref idref="fl-cc"/>
      </object_component>
      <object_component id="oc-150">
         <name>.debug_info</name>
         <load_address>0x3d04</load_address>
         <run_address>0x3d04</run_address>
         <size>0x14d</size>
         <input_file_ref idref="fl-cc"/>
      </object_component>
      <object_component id="oc-103">
         <name>.debug_info</name>
         <load_address>0x3e51</load_address>
         <run_address>0x3e51</run_address>
         <size>0x2b5</size>
         <input_file_ref idref="fl-cc"/>
      </object_component>
      <object_component id="oc-19d">
         <name>.debug_info</name>
         <load_address>0x4106</load_address>
         <run_address>0x4106</run_address>
         <size>0x5f</size>
         <input_file_ref idref="fl-cc"/>
      </object_component>
      <object_component id="oc-1df">
         <name>.debug_info</name>
         <load_address>0x4165</load_address>
         <run_address>0x4165</run_address>
         <size>0x87</size>
      </object_component>
      <object_component id="oc-99">
         <name>.debug_line</name>
         <load_address>0x0</load_address>
         <run_address>0x0</run_address>
         <size>0x34</size>
         <input_file_ref idref="fl-2"/>
      </object_component>
      <object_component id="oc-46">
         <name>.debug_line</name>
         <load_address>0x34</load_address>
         <run_address>0x34</run_address>
         <size>0x34</size>
         <input_file_ref idref="fl-2"/>
      </object_component>
      <object_component id="oc-28">
         <name>.debug_line</name>
         <load_address>0x68</load_address>
         <run_address>0x68</run_address>
         <size>0x46</size>
         <input_file_ref idref="fl-2"/>
      </object_component>
      <object_component id="oc-31">
         <name>.debug_line</name>
         <load_address>0xae</load_address>
         <run_address>0xae</run_address>
         <size>0x49</size>
         <input_file_ref idref="fl-2"/>
      </object_component>
      <object_component id="oc-3e">
         <name>.debug_line</name>
         <load_address>0xf7</load_address>
         <run_address>0xf7</run_address>
         <size>0x49</size>
         <input_file_ref idref="fl-2"/>
      </object_component>
      <object_component id="oc-34">
         <name>.debug_line</name>
         <load_address>0x140</load_address>
         <run_address>0x140</run_address>
         <size>0x49</size>
         <input_file_ref idref="fl-2"/>
      </object_component>
      <object_component id="oc-9d">
         <name>.debug_line</name>
         <load_address>0x189</load_address>
         <run_address>0x189</run_address>
         <size>0x69</size>
         <input_file_ref idref="fl-2"/>
      </object_component>
      <object_component id="oc-51">
         <name>.debug_line</name>
         <load_address>0x1f2</load_address>
         <run_address>0x1f2</run_address>
         <size>0x20</size>
         <input_file_ref idref="fl-2"/>
      </object_component>
      <object_component id="oc-e3">
         <name>.debug_line</name>
         <load_address>0x212</load_address>
         <run_address>0x212</run_address>
         <size>0x6d</size>
         <input_file_ref idref="fl-2"/>
      </object_component>
      <object_component id="oc-96">
         <name>.debug_line</name>
         <load_address>0x27f</load_address>
         <run_address>0x27f</run_address>
         <size>0x6a</size>
         <input_file_ref idref="fl-2"/>
      </object_component>
      <object_component id="oc-176">
         <name>.debug_line</name>
         <load_address>0x2e9</load_address>
         <run_address>0x2e9</run_address>
         <size>0x8e</size>
         <input_file_ref idref="fl-3"/>
      </object_component>
      <object_component id="oc-da">
         <name>.debug_line</name>
         <load_address>0x377</load_address>
         <run_address>0x377</run_address>
         <size>0x32</size>
         <input_file_ref idref="fl-3"/>
      </object_component>
      <object_component id="oc-fc">
         <name>.debug_line</name>
         <load_address>0x3a9</load_address>
         <run_address>0x3a9</run_address>
         <size>0x53</size>
         <input_file_ref idref="fl-3"/>
      </object_component>
      <object_component id="oc-c2">
         <name>.debug_line</name>
         <load_address>0x3fc</load_address>
         <run_address>0x3fc</run_address>
         <size>0x99</size>
         <input_file_ref idref="fl-3"/>
      </object_component>
      <object_component id="oc-44">
         <name>.debug_line</name>
         <load_address>0x495</load_address>
         <run_address>0x495</run_address>
         <size>0x8c</size>
         <input_file_ref idref="fl-3"/>
      </object_component>
      <object_component id="oc-de">
         <name>.debug_line</name>
         <load_address>0x521</load_address>
         <run_address>0x521</run_address>
         <size>0x20</size>
         <input_file_ref idref="fl-3"/>
      </object_component>
      <object_component id="oc-ac">
         <name>.debug_line</name>
         <load_address>0x541</load_address>
         <run_address>0x541</run_address>
         <size>0x20</size>
         <input_file_ref idref="fl-bf"/>
      </object_component>
      <object_component id="oc-1d">
         <name>.debug_line</name>
         <load_address>0x561</load_address>
         <run_address>0x561</run_address>
         <size>0x55</size>
         <input_file_ref idref="fl-bf"/>
      </object_component>
      <object_component id="oc-5c">
         <name>.debug_line</name>
         <load_address>0x5b6</load_address>
         <run_address>0x5b6</run_address>
         <size>0x3a</size>
         <input_file_ref idref="fl-bf"/>
      </object_component>
      <object_component id="oc-a9">
         <name>.debug_line</name>
         <load_address>0x5f0</load_address>
         <run_address>0x5f0</run_address>
         <size>0x92</size>
         <input_file_ref idref="fl-bf"/>
      </object_component>
      <object_component id="oc-eb">
         <name>.debug_line</name>
         <load_address>0x682</load_address>
         <run_address>0x682</run_address>
         <size>0x20</size>
         <input_file_ref idref="fl-c0"/>
      </object_component>
      <object_component id="oc-19">
         <name>.debug_line</name>
         <load_address>0x6a2</load_address>
         <run_address>0x6a2</run_address>
         <size>0xa9</size>
         <input_file_ref idref="fl-c0"/>
      </object_component>
      <object_component id="oc-4c">
         <name>.debug_line</name>
         <load_address>0x74b</load_address>
         <run_address>0x74b</run_address>
         <size>0x3a</size>
         <input_file_ref idref="fl-c0"/>
      </object_component>
      <object_component id="oc-e8">
         <name>.debug_line</name>
         <load_address>0x785</load_address>
         <run_address>0x785</run_address>
         <size>0x9a</size>
         <input_file_ref idref="fl-c0"/>
      </object_component>
      <object_component id="oc-a2">
         <name>.debug_line</name>
         <load_address>0x81f</load_address>
         <run_address>0x81f</run_address>
         <size>0x96</size>
         <input_file_ref idref="fl-c0"/>
      </object_component>
      <object_component id="oc-84">
         <name>.debug_line</name>
         <load_address>0x8b5</load_address>
         <run_address>0x8b5</run_address>
         <size>0x33</size>
         <input_file_ref idref="fl-c1"/>
      </object_component>
      <object_component id="oc-72">
         <name>.debug_line</name>
         <load_address>0x8e8</load_address>
         <run_address>0x8e8</run_address>
         <size>0x45</size>
         <input_file_ref idref="fl-c1"/>
      </object_component>
      <object_component id="oc-55">
         <name>.debug_line</name>
         <load_address>0x92d</load_address>
         <run_address>0x92d</run_address>
         <size>0x88</size>
         <input_file_ref idref="fl-c2"/>
      </object_component>
      <object_component id="oc-189">
         <name>.debug_line</name>
         <load_address>0x9b5</load_address>
         <run_address>0x9b5</run_address>
         <size>0xbf</size>
         <input_file_ref idref="fl-c4"/>
      </object_component>
      <object_component id="oc-11a">
         <name>.debug_line</name>
         <load_address>0xa74</load_address>
         <run_address>0xa74</run_address>
         <size>0x6f</size>
         <input_file_ref idref="fl-c4"/>
      </object_component>
      <object_component id="oc-18d">
         <name>.debug_line</name>
         <load_address>0xae3</load_address>
         <run_address>0xae3</run_address>
         <size>0x2e</size>
         <input_file_ref idref="fl-c4"/>
      </object_component>
      <object_component id="oc-1a8">
         <name>.debug_line</name>
         <load_address>0xb11</load_address>
         <run_address>0xb11</run_address>
         <size>0x9a</size>
         <input_file_ref idref="fl-c4"/>
      </object_component>
      <object_component id="oc-192">
         <name>.debug_line</name>
         <load_address>0xbab</load_address>
         <run_address>0xbab</run_address>
         <size>0x97</size>
         <input_file_ref idref="fl-c4"/>
      </object_component>
      <object_component id="oc-197">
         <name>.debug_line</name>
         <load_address>0xc42</load_address>
         <run_address>0xc42</run_address>
         <size>0x93</size>
         <input_file_ref idref="fl-c4"/>
      </object_component>
      <object_component id="oc-bf">
         <name>.debug_line</name>
         <load_address>0xcd5</load_address>
         <run_address>0xcd5</run_address>
         <size>0x40</size>
         <input_file_ref idref="fl-c5"/>
      </object_component>
      <object_component id="oc-10a">
         <name>.debug_line</name>
         <load_address>0xd15</load_address>
         <run_address>0xd15</run_address>
         <size>0x3c</size>
         <input_file_ref idref="fl-c7"/>
      </object_component>
      <object_component id="oc-148">
         <name>.debug_line</name>
         <load_address>0xd51</load_address>
         <run_address>0xd51</run_address>
         <size>0x82</size>
         <input_file_ref idref="fl-ca"/>
      </object_component>
      <object_component id="oc-174">
         <name>.debug_line</name>
         <load_address>0xdd3</load_address>
         <run_address>0xdd3</run_address>
         <size>0x7d</size>
         <input_file_ref idref="fl-ca"/>
      </object_component>
      <object_component id="oc-8d">
         <name>.debug_line</name>
         <load_address>0xe50</load_address>
         <run_address>0xe50</run_address>
         <size>0x92</size>
         <input_file_ref idref="fl-ca"/>
      </object_component>
      <object_component id="oc-f9">
         <name>.debug_line</name>
         <load_address>0xee2</load_address>
         <run_address>0xee2</run_address>
         <size>0xa7</size>
         <input_file_ref idref="fl-ca"/>
      </object_component>
      <object_component id="oc-d6">
         <name>.debug_line</name>
         <load_address>0xf89</load_address>
         <run_address>0xf89</run_address>
         <size>0x69</size>
         <input_file_ref idref="fl-ca"/>
      </object_component>
      <object_component id="oc-19c">
         <name>.debug_line</name>
         <load_address>0xff2</load_address>
         <run_address>0xff2</run_address>
         <size>0x13d</size>
         <input_file_ref idref="fl-cc"/>
      </object_component>
      <object_component id="oc-178">
         <name>.debug_line</name>
         <load_address>0x112f</load_address>
         <run_address>0x112f</run_address>
         <size>0x7f</size>
         <input_file_ref idref="fl-cc"/>
      </object_component>
      <object_component id="oc-102">
         <name>.debug_line</name>
         <load_address>0x11ae</load_address>
         <run_address>0x11ae</run_address>
         <size>0x11a</size>
         <input_file_ref idref="fl-cc"/>
      </object_component>
      <object_component id="oc-1a0">
         <name>.debug_line</name>
         <load_address>0x12c8</load_address>
         <run_address>0x12c8</run_address>
         <size>0x7f</size>
         <input_file_ref idref="fl-cc"/>
      </object_component>
      <object_component id="oc-29">
         <name>.debug_frame</name>
         <load_address>0x0</load_address>
         <run_address>0x0</run_address>
         <size>0x54</size>
         <input_file_ref idref="fl-2"/>
      </object_component>
      <object_component id="oc-32">
         <name>.debug_frame</name>
         <load_address>0x54</load_address>
         <run_address>0x54</run_address>
         <size>0x54</size>
         <input_file_ref idref="fl-2"/>
      </object_component>
      <object_component id="oc-3a">
         <name>.debug_frame</name>
         <load_address>0xa8</load_address>
         <run_address>0xa8</run_address>
         <size>0x54</size>
         <input_file_ref idref="fl-2"/>
      </object_component>
      <object_component id="oc-35">
         <name>.debug_frame</name>
         <load_address>0xfc</load_address>
         <run_address>0xfc</run_address>
         <size>0x54</size>
         <input_file_ref idref="fl-2"/>
      </object_component>
      <object_component id="oc-100">
         <name>.debug_frame</name>
         <load_address>0x150</load_address>
         <run_address>0x150</run_address>
         <size>0x5c</size>
         <input_file_ref idref="fl-3"/>
      </object_component>
      <object_component id="oc-c1">
         <name>.debug_frame</name>
         <load_address>0x1ac</load_address>
         <run_address>0x1ac</run_address>
         <size>0x64</size>
         <input_file_ref idref="fl-3"/>
      </object_component>
      <object_component id="oc-43">
         <name>.debug_frame</name>
         <load_address>0x210</load_address>
         <run_address>0x210</run_address>
         <size>0x60</size>
         <input_file_ref idref="fl-3"/>
      </object_component>
      <object_component id="oc-20">
         <name>.debug_frame</name>
         <load_address>0x270</load_address>
         <run_address>0x270</run_address>
         <size>0x54</size>
         <input_file_ref idref="fl-bf"/>
      </object_component>
      <object_component id="oc-1a">
         <name>.debug_frame</name>
         <load_address>0x2c4</load_address>
         <run_address>0x2c4</run_address>
         <size>0x60</size>
         <input_file_ref idref="fl-c0"/>
      </object_component>
      <object_component id="oc-76">
         <name>.debug_frame</name>
         <load_address>0x324</load_address>
         <run_address>0x324</run_address>
         <size>0x50</size>
         <input_file_ref idref="fl-c1"/>
      </object_component>
      <object_component id="oc-119">
         <name>.debug_frame</name>
         <load_address>0x374</load_address>
         <run_address>0x374</run_address>
         <size>0x5c</size>
         <input_file_ref idref="fl-c4"/>
      </object_component>
      <object_component id="oc-be">
         <name>.debug_frame</name>
         <load_address>0x3d0</load_address>
         <run_address>0x3d0</run_address>
         <size>0x54</size>
         <input_file_ref idref="fl-c5"/>
      </object_component>
      <object_component id="oc-10b">
         <name>.debug_frame</name>
         <load_address>0x424</load_address>
         <run_address>0x424</run_address>
         <size>0x54</size>
         <input_file_ref idref="fl-c7"/>
      </object_component>
      <object_component id="oc-8e">
         <name>.debug_frame</name>
         <load_address>0x478</load_address>
         <run_address>0x478</run_address>
         <size>0x7f</size>
         <input_file_ref idref="fl-ca"/>
      </object_component>
      <object_component id="oc-fa">
         <name>.debug_frame</name>
         <load_address>0x4f7</load_address>
         <run_address>0x4f7</run_address>
         <size>0x86</size>
         <input_file_ref idref="fl-ca"/>
      </object_component>
      <object_component id="oc-106">
         <name>.debug_frame</name>
         <load_address>0x57d</load_address>
         <run_address>0x57d</run_address>
         <size>0x8e</size>
         <input_file_ref idref="fl-cc"/>
      </object_component>
      <object_component id="oc-98">
         <name>.debug_abbrev</name>
         <load_address>0x0</load_address>
         <run_address>0x0</run_address>
         <size>0x7c</size>
         <input_file_ref idref="fl-2"/>
      </object_component>
      <object_component id="oc-45">
         <name>.debug_abbrev</name>
         <load_address>0x7c</load_address>
         <run_address>0x7c</run_address>
         <size>0x29</size>
         <input_file_ref idref="fl-2"/>
      </object_component>
      <object_component id="oc-85">
         <name>.debug_abbrev</name>
         <load_address>0xa5</load_address>
         <run_address>0xa5</run_address>
         <size>0x50</size>
         <input_file_ref idref="fl-2"/>
      </object_component>
      <object_component id="oc-86">
         <name>.debug_abbrev</name>
         <load_address>0xf5</load_address>
         <run_address>0xf5</run_address>
         <size>0x40</size>
         <input_file_ref idref="fl-2"/>
      </object_component>
      <object_component id="oc-88">
         <name>.debug_abbrev</name>
         <load_address>0x135</load_address>
         <run_address>0x135</run_address>
         <size>0x40</size>
         <input_file_ref idref="fl-2"/>
      </object_component>
      <object_component id="oc-87">
         <name>.debug_abbrev</name>
         <load_address>0x175</load_address>
         <run_address>0x175</run_address>
         <size>0x40</size>
         <input_file_ref idref="fl-2"/>
      </object_component>
      <object_component id="oc-9c">
         <name>.debug_abbrev</name>
         <load_address>0x1b5</load_address>
         <run_address>0x1b5</run_address>
         <size>0x69</size>
         <input_file_ref idref="fl-2"/>
      </object_component>
      <object_component id="oc-50">
         <name>.debug_abbrev</name>
         <load_address>0x21e</load_address>
         <run_address>0x21e</run_address>
         <size>0x1f</size>
         <input_file_ref idref="fl-2"/>
      </object_component>
      <object_component id="oc-e2">
         <name>.debug_abbrev</name>
         <load_address>0x23d</load_address>
         <run_address>0x23d</run_address>
         <size>0x5c</size>
         <input_file_ref idref="fl-2"/>
      </object_component>
      <object_component id="oc-95">
         <name>.debug_abbrev</name>
         <load_address>0x299</load_address>
         <run_address>0x299</run_address>
         <size>0x24</size>
         <input_file_ref idref="fl-2"/>
      </object_component>
      <object_component id="oc-175">
         <name>.debug_abbrev</name>
         <load_address>0x2bd</load_address>
         <run_address>0x2bd</run_address>
         <size>0x80</size>
         <input_file_ref idref="fl-3"/>
      </object_component>
      <object_component id="oc-d9">
         <name>.debug_abbrev</name>
         <load_address>0x33d</load_address>
         <run_address>0x33d</run_address>
         <size>0x29</size>
         <input_file_ref idref="fl-3"/>
      </object_component>
      <object_component id="oc-14d">
         <name>.debug_abbrev</name>
         <load_address>0x366</load_address>
         <run_address>0x366</run_address>
         <size>0x7b</size>
         <input_file_ref idref="fl-3"/>
      </object_component>
      <object_component id="oc-108">
         <name>.debug_abbrev</name>
         <load_address>0x3e1</load_address>
         <run_address>0x3e1</run_address>
         <size>0x63</size>
         <input_file_ref idref="fl-3"/>
      </object_component>
      <object_component id="oc-92">
         <name>.debug_abbrev</name>
         <load_address>0x444</load_address>
         <run_address>0x444</run_address>
         <size>0x7b</size>
         <input_file_ref idref="fl-3"/>
      </object_component>
      <object_component id="oc-dd">
         <name>.debug_abbrev</name>
         <load_address>0x4bf</load_address>
         <run_address>0x4bf</run_address>
         <size>0x1f</size>
         <input_file_ref idref="fl-3"/>
      </object_component>
      <object_component id="oc-ab">
         <name>.debug_abbrev</name>
         <load_address>0x4de</load_address>
         <run_address>0x4de</run_address>
         <size>0x37</size>
         <input_file_ref idref="fl-bf"/>
      </object_component>
      <object_component id="oc-58">
         <name>.debug_abbrev</name>
         <load_address>0x515</load_address>
         <run_address>0x515</run_address>
         <size>0x74</size>
         <input_file_ref idref="fl-bf"/>
      </object_component>
      <object_component id="oc-5b">
         <name>.debug_abbrev</name>
         <load_address>0x589</load_address>
         <run_address>0x589</run_address>
         <size>0x24</size>
         <input_file_ref idref="fl-bf"/>
      </object_component>
      <object_component id="oc-a8">
         <name>.debug_abbrev</name>
         <load_address>0x5ad</load_address>
         <run_address>0x5ad</run_address>
         <size>0x24</size>
         <input_file_ref idref="fl-bf"/>
      </object_component>
      <object_component id="oc-ea">
         <name>.debug_abbrev</name>
         <load_address>0x5d1</load_address>
         <run_address>0x5d1</run_address>
         <size>0x37</size>
         <input_file_ref idref="fl-c0"/>
      </object_component>
      <object_component id="oc-48">
         <name>.debug_abbrev</name>
         <load_address>0x608</load_address>
         <run_address>0x608</run_address>
         <size>0x6f</size>
         <input_file_ref idref="fl-c0"/>
      </object_component>
      <object_component id="oc-4b">
         <name>.debug_abbrev</name>
         <load_address>0x677</load_address>
         <run_address>0x677</run_address>
         <size>0x24</size>
         <input_file_ref idref="fl-c0"/>
      </object_component>
      <object_component id="oc-e7">
         <name>.debug_abbrev</name>
         <load_address>0x69b</load_address>
         <run_address>0x69b</run_address>
         <size>0x35</size>
         <input_file_ref idref="fl-c0"/>
      </object_component>
      <object_component id="oc-a1">
         <name>.debug_abbrev</name>
         <load_address>0x6d0</load_address>
         <run_address>0x6d0</run_address>
         <size>0x24</size>
         <input_file_ref idref="fl-c0"/>
      </object_component>
      <object_component id="oc-83">
         <name>.debug_abbrev</name>
         <load_address>0x6f4</load_address>
         <run_address>0x6f4</run_address>
         <size>0x29</size>
         <input_file_ref idref="fl-c1"/>
      </object_component>
      <object_component id="oc-c9">
         <name>.debug_abbrev</name>
         <load_address>0x71d</load_address>
         <run_address>0x71d</run_address>
         <size>0x55</size>
         <input_file_ref idref="fl-c1"/>
      </object_component>
      <object_component id="oc-a5">
         <name>.debug_abbrev</name>
         <load_address>0x772</load_address>
         <run_address>0x772</run_address>
         <size>0x3e</size>
         <input_file_ref idref="fl-c2"/>
      </object_component>
      <object_component id="oc-188">
         <name>.debug_abbrev</name>
         <load_address>0x7b0</load_address>
         <run_address>0x7b0</run_address>
         <size>0xc0</size>
         <input_file_ref idref="fl-c4"/>
      </object_component>
      <object_component id="oc-15d">
         <name>.debug_abbrev</name>
         <load_address>0x870</load_address>
         <run_address>0x870</run_address>
         <size>0x7e</size>
         <input_file_ref idref="fl-c4"/>
      </object_component>
      <object_component id="oc-18c">
         <name>.debug_abbrev</name>
         <load_address>0x8ee</load_address>
         <run_address>0x8ee</run_address>
         <size>0x24</size>
         <input_file_ref idref="fl-c4"/>
      </object_component>
      <object_component id="oc-1a7">
         <name>.debug_abbrev</name>
         <load_address>0x912</load_address>
         <run_address>0x912</run_address>
         <size>0x24</size>
         <input_file_ref idref="fl-c4"/>
      </object_component>
      <object_component id="oc-191">
         <name>.debug_abbrev</name>
         <load_address>0x936</load_address>
         <run_address>0x936</run_address>
         <size>0x24</size>
         <input_file_ref idref="fl-c4"/>
      </object_component>
      <object_component id="oc-196">
         <name>.debug_abbrev</name>
         <load_address>0x95a</load_address>
         <run_address>0x95a</run_address>
         <size>0x4b</size>
         <input_file_ref idref="fl-c4"/>
      </object_component>
      <object_component id="oc-f4">
         <name>.debug_abbrev</name>
         <load_address>0x9a5</load_address>
         <run_address>0x9a5</run_address>
         <size>0x55</size>
         <input_file_ref idref="fl-c5"/>
      </object_component>
      <object_component id="oc-153">
         <name>.debug_abbrev</name>
         <load_address>0x9fa</load_address>
         <run_address>0x9fa</run_address>
         <size>0x45</size>
         <input_file_ref idref="fl-c7"/>
      </object_component>
      <object_component id="oc-147">
         <name>.debug_abbrev</name>
         <load_address>0xa3f</load_address>
         <run_address>0xa3f</run_address>
         <size>0x72</size>
         <input_file_ref idref="fl-ca"/>
      </object_component>
      <object_component id="oc-173">
         <name>.debug_abbrev</name>
         <load_address>0xab1</load_address>
         <run_address>0xab1</run_address>
         <size>0x27</size>
         <input_file_ref idref="fl-ca"/>
      </object_component>
      <object_component id="oc-d2">
         <name>.debug_abbrev</name>
         <load_address>0xad8</load_address>
         <run_address>0xad8</run_address>
         <size>0x6c</size>
         <input_file_ref idref="fl-ca"/>
      </object_component>
      <object_component id="oc-14c">
         <name>.debug_abbrev</name>
         <load_address>0xb44</load_address>
         <run_address>0xb44</run_address>
         <size>0x6c</size>
         <input_file_ref idref="fl-ca"/>
      </object_component>
      <object_component id="oc-d5">
         <name>.debug_abbrev</name>
         <load_address>0xbb0</load_address>
         <run_address>0xbb0</run_address>
         <size>0x35</size>
         <input_file_ref idref="fl-ca"/>
      </object_component>
      <object_component id="oc-19b">
         <name>.debug_abbrev</name>
         <load_address>0xbe5</load_address>
         <run_address>0xbe5</run_address>
         <size>0xb0</size>
         <input_file_ref idref="fl-cc"/>
      </object_component>
      <object_component id="oc-177">
         <name>.debug_abbrev</name>
         <load_address>0xc95</load_address>
         <run_address>0xc95</run_address>
         <size>0x27</size>
         <input_file_ref idref="fl-cc"/>
      </object_component>
      <object_component id="oc-152">
         <name>.debug_abbrev</name>
         <load_address>0xcbc</load_address>
         <run_address>0xcbc</run_address>
         <size>0x60</size>
         <input_file_ref idref="fl-cc"/>
      </object_component>
      <object_component id="oc-19f">
         <name>.debug_abbrev</name>
         <load_address>0xd1c</load_address>
         <run_address>0xd1c</run_address>
         <size>0x49</size>
         <input_file_ref idref="fl-cc"/>
      </object_component>
      <object_component id="oc-1e0">
         <name>.debug_abbrev</name>
         <load_address>0xd65</load_address>
         <run_address>0xd65</run_address>
         <size>0xf</size>
      </object_component>
      <object_component id="oc-9e">
         <name>.debug_str</name>
         <load_address>0x0</load_address>
         <run_address>0x0</run_address>
         <size>0x292</size>
         <input_file_ref idref="fl-2"/>
      </object_component>
      <object_component id="oc-52">
         <name>.debug_str</name>
         <load_address>0x292</load_address>
         <run_address>0x292</run_address>
         <size>0xfd</size>
         <input_file_ref idref="fl-2"/>
      </object_component>
      <object_component id="oc-e4">
         <name>.debug_str</name>
         <load_address>0x38f</load_address>
         <run_address>0x38f</run_address>
         <size>0x328</size>
         <input_file_ref idref="fl-2"/>
      </object_component>
      <object_component id="oc-97">
         <name>.debug_str</name>
         <load_address>0x6b7</load_address>
         <run_address>0x6b7</run_address>
         <size>0x12a</size>
         <input_file_ref idref="fl-2"/>
      </object_component>
      <object_component id="oc-df">
         <name>.debug_str</name>
         <load_address>0x7e1</load_address>
         <run_address>0x7e1</run_address>
         <size>0xfd</size>
         <input_file_ref idref="fl-3"/>
      </object_component>
      <object_component id="oc-5d">
         <name>.debug_str</name>
         <load_address>0x8de</load_address>
         <run_address>0x8de</run_address>
         <size>0x10b</size>
         <input_file_ref idref="fl-bf"/>
      </object_component>
      <object_component id="oc-aa">
         <name>.debug_str</name>
         <load_address>0x9e9</load_address>
         <run_address>0x9e9</run_address>
         <size>0x140</size>
         <input_file_ref idref="fl-bf"/>
      </object_component>
      <object_component id="oc-4d">
         <name>.debug_str</name>
         <load_address>0xb29</load_address>
         <run_address>0xb29</run_address>
         <size>0x118</size>
         <input_file_ref idref="fl-c0"/>
      </object_component>
      <object_component id="oc-e9">
         <name>.debug_str</name>
         <load_address>0xc41</load_address>
         <run_address>0xc41</run_address>
         <size>0x16b</size>
         <input_file_ref idref="fl-c0"/>
      </object_component>
      <object_component id="oc-a3">
         <name>.debug_str</name>
         <load_address>0xdac</load_address>
         <run_address>0xdac</run_address>
         <size>0x158</size>
         <input_file_ref idref="fl-c0"/>
      </object_component>
      <object_component id="oc-18e">
         <name>.debug_str</name>
         <load_address>0xf04</load_address>
         <run_address>0xf04</run_address>
         <size>0xed</size>
         <input_file_ref idref="fl-c4"/>
      </object_component>
      <object_component id="oc-1a9">
         <name>.debug_str</name>
         <load_address>0xff1</load_address>
         <run_address>0xff1</run_address>
         <size>0x157</size>
         <input_file_ref idref="fl-c4"/>
      </object_component>
      <object_component id="oc-193">
         <name>.debug_str</name>
         <load_address>0x1148</load_address>
         <run_address>0x1148</run_address>
         <size>0x150</size>
         <input_file_ref idref="fl-c4"/>
      </object_component>
      <object_component id="oc-198">
         <name>.debug_str</name>
         <load_address>0x1298</load_address>
         <run_address>0x1298</run_address>
         <size>0x197</size>
         <input_file_ref idref="fl-c4"/>
      </object_component>
      <object_component id="oc-d7">
         <name>.debug_str</name>
         <load_address>0x142f</load_address>
         <run_address>0x142f</run_address>
         <size>0x241</size>
         <input_file_ref idref="fl-ca"/>
      </object_component>
      <object_component id="oc-1a1">
         <name>.debug_str</name>
         <load_address>0x1670</load_address>
         <run_address>0x1670</run_address>
         <size>0x141</size>
         <input_file_ref idref="fl-cc"/>
      </object_component>
      <object_component id="oc-2b">
         <name>.debug_aranges</name>
         <load_address>0x0</load_address>
         <run_address>0x0</run_address>
         <size>0x20</size>
         <input_file_ref idref="fl-2"/>
      </object_component>
      <object_component id="oc-30">
         <name>.debug_aranges</name>
         <load_address>0x20</load_address>
         <run_address>0x20</run_address>
         <size>0x20</size>
         <input_file_ref idref="fl-2"/>
      </object_component>
      <object_component id="oc-3d">
         <name>.debug_aranges</name>
         <load_address>0x40</load_address>
         <run_address>0x40</run_address>
         <size>0x20</size>
         <input_file_ref idref="fl-2"/>
      </object_component>
      <object_component id="oc-37">
         <name>.debug_aranges</name>
         <load_address>0x60</load_address>
         <run_address>0x60</run_address>
         <size>0x20</size>
         <input_file_ref idref="fl-2"/>
      </object_component>
      <object_component id="oc-fd">
         <name>.debug_aranges</name>
         <load_address>0x80</load_address>
         <run_address>0x80</run_address>
         <size>0x20</size>
         <input_file_ref idref="fl-3"/>
      </object_component>
      <object_component id="oc-c3">
         <name>.debug_aranges</name>
         <load_address>0xa0</load_address>
         <run_address>0xa0</run_address>
         <size>0x20</size>
         <input_file_ref idref="fl-3"/>
      </object_component>
      <object_component id="oc-41">
         <name>.debug_aranges</name>
         <load_address>0xc0</load_address>
         <run_address>0xc0</run_address>
         <size>0x20</size>
         <input_file_ref idref="fl-3"/>
      </object_component>
      <object_component id="oc-1c">
         <name>.debug_aranges</name>
         <load_address>0xe0</load_address>
         <run_address>0xe0</run_address>
         <size>0x20</size>
         <input_file_ref idref="fl-bf"/>
      </object_component>
      <object_component id="oc-17">
         <name>.debug_aranges</name>
         <load_address>0x100</load_address>
         <run_address>0x100</run_address>
         <size>0x20</size>
         <input_file_ref idref="fl-c0"/>
      </object_component>
      <object_component id="oc-74">
         <name>.debug_aranges</name>
         <load_address>0x120</load_address>
         <run_address>0x120</run_address>
         <size>0x20</size>
         <input_file_ref idref="fl-c1"/>
      </object_component>
      <object_component id="oc-54">
         <name>.debug_aranges</name>
         <load_address>0x140</load_address>
         <run_address>0x140</run_address>
         <size>0x20</size>
         <input_file_ref idref="fl-c2"/>
      </object_component>
      <object_component id="oc-117">
         <name>.debug_aranges</name>
         <load_address>0x160</load_address>
         <run_address>0x160</run_address>
         <size>0x20</size>
         <input_file_ref idref="fl-c4"/>
      </object_component>
      <object_component id="oc-bd">
         <name>.debug_aranges</name>
         <load_address>0x180</load_address>
         <run_address>0x180</run_address>
         <size>0x20</size>
         <input_file_ref idref="fl-c5"/>
      </object_component>
      <object_component id="oc-10d">
         <name>.debug_aranges</name>
         <load_address>0x1a0</load_address>
         <run_address>0x1a0</run_address>
         <size>0x20</size>
         <input_file_ref idref="fl-c7"/>
      </object_component>
      <object_component id="oc-8c">
         <name>.debug_aranges</name>
         <load_address>0x1c0</load_address>
         <run_address>0x1c0</run_address>
         <size>0x20</size>
         <input_file_ref idref="fl-ca"/>
      </object_component>
      <object_component id="oc-f7">
         <name>.debug_aranges</name>
         <load_address>0x1e0</load_address>
         <run_address>0x1e0</run_address>
         <size>0x20</size>
         <input_file_ref idref="fl-ca"/>
      </object_component>
      <object_component id="oc-105">
         <name>.debug_aranges</name>
         <load_address>0x200</load_address>
         <run_address>0x200</run_address>
         <size>0x20</size>
         <input_file_ref idref="fl-cc"/>
      </object_component>
      <object_component id="oc-14">
         <name>.debug_pubnames</name>
         <load_address>0x0</load_address>
         <run_address>0x0</run_address>
         <size>0x23</size>
         <input_file_ref idref="fl-2"/>
      </object_component>
      <object_component id="oc-2c">
         <name>.debug_pubnames</name>
         <load_address>0x23</load_address>
         <run_address>0x23</run_address>
         <size>0x1f</size>
         <input_file_ref idref="fl-2"/>
      </object_component>
      <object_component id="oc-2f">
         <name>.debug_pubnames</name>
         <load_address>0x42</load_address>
         <run_address>0x42</run_address>
         <size>0x1c</size>
         <input_file_ref idref="fl-2"/>
      </object_component>
      <object_component id="oc-3c">
         <name>.debug_pubnames</name>
         <load_address>0x5e</load_address>
         <run_address>0x5e</run_address>
         <size>0x28</size>
         <input_file_ref idref="fl-2"/>
      </object_component>
      <object_component id="oc-38">
         <name>.debug_pubnames</name>
         <load_address>0x86</load_address>
         <run_address>0x86</run_address>
         <size>0x1f</size>
         <input_file_ref idref="fl-2"/>
      </object_component>
      <object_component id="oc-91">
         <name>.debug_pubnames</name>
         <load_address>0xa5</load_address>
         <run_address>0xa5</run_address>
         <size>0x18</size>
         <input_file_ref idref="fl-3"/>
      </object_component>
      <object_component id="oc-ff">
         <name>.debug_pubnames</name>
         <load_address>0xbd</load_address>
         <run_address>0xbd</run_address>
         <size>0x1f</size>
         <input_file_ref idref="fl-3"/>
      </object_component>
      <object_component id="oc-c5">
         <name>.debug_pubnames</name>
         <load_address>0xdc</load_address>
         <run_address>0xdc</run_address>
         <size>0x1b</size>
         <input_file_ref idref="fl-3"/>
      </object_component>
      <object_component id="oc-42">
         <name>.debug_pubnames</name>
         <load_address>0xf7</load_address>
         <run_address>0xf7</run_address>
         <size>0x25</size>
         <input_file_ref idref="fl-3"/>
      </object_component>
      <object_component id="oc-1f">
         <name>.debug_pubnames</name>
         <load_address>0x11c</load_address>
         <run_address>0x11c</run_address>
         <size>0x2b</size>
         <input_file_ref idref="fl-bf"/>
      </object_component>
      <object_component id="oc-18">
         <name>.debug_pubnames</name>
         <load_address>0x147</load_address>
         <run_address>0x147</run_address>
         <size>0x2b</size>
         <input_file_ref idref="fl-c0"/>
      </object_component>
      <object_component id="oc-26">
         <name>.debug_pubnames</name>
         <load_address>0x172</load_address>
         <run_address>0x172</run_address>
         <size>0x1e</size>
         <input_file_ref idref="fl-c1"/>
      </object_component>
      <object_component id="oc-75">
         <name>.debug_pubnames</name>
         <load_address>0x190</load_address>
         <run_address>0x190</run_address>
         <size>0x26</size>
         <input_file_ref idref="fl-c1"/>
      </object_component>
      <object_component id="oc-57">
         <name>.debug_pubnames</name>
         <load_address>0x1b6</load_address>
         <run_address>0x1b6</run_address>
         <size>0x1d</size>
         <input_file_ref idref="fl-c2"/>
      </object_component>
      <object_component id="oc-118">
         <name>.debug_pubnames</name>
         <load_address>0x1d3</load_address>
         <run_address>0x1d3</run_address>
         <size>0x35</size>
         <input_file_ref idref="fl-c4"/>
      </object_component>
      <object_component id="oc-bc">
         <name>.debug_pubnames</name>
         <load_address>0x208</load_address>
         <run_address>0x208</run_address>
         <size>0x27</size>
         <input_file_ref idref="fl-c5"/>
      </object_component>
      <object_component id="oc-10e">
         <name>.debug_pubnames</name>
         <load_address>0x22f</load_address>
         <run_address>0x22f</run_address>
         <size>0x1c</size>
         <input_file_ref idref="fl-c7"/>
      </object_component>
      <object_component id="oc-14b">
         <name>.debug_pubnames</name>
         <load_address>0x24b</load_address>
         <run_address>0x24b</run_address>
         <size>0x2b</size>
         <input_file_ref idref="fl-ca"/>
      </object_component>
      <object_component id="oc-8b">
         <name>.debug_pubnames</name>
         <load_address>0x276</load_address>
         <run_address>0x276</run_address>
         <size>0x23</size>
         <input_file_ref idref="fl-ca"/>
      </object_component>
      <object_component id="oc-f8">
         <name>.debug_pubnames</name>
         <load_address>0x299</load_address>
         <run_address>0x299</run_address>
         <size>0x27</size>
         <input_file_ref idref="fl-ca"/>
      </object_component>
      <object_component id="oc-151">
         <name>.debug_pubnames</name>
         <load_address>0x2c0</load_address>
         <run_address>0x2c0</run_address>
         <size>0x23</size>
         <input_file_ref idref="fl-cc"/>
      </object_component>
      <object_component id="oc-104">
         <name>.debug_pubnames</name>
         <load_address>0x2e3</load_address>
         <run_address>0x2e3</run_address>
         <size>0x25</size>
         <input_file_ref idref="fl-cc"/>
      </object_component>
      <object_component id="oc-9b">
         <name>.debug_pubtypes</name>
         <load_address>0x0</load_address>
         <run_address>0x0</run_address>
         <size>0x25c</size>
         <input_file_ref idref="fl-2"/>
      </object_component>
      <object_component id="oc-4f">
         <name>.debug_pubtypes</name>
         <load_address>0x25c</load_address>
         <run_address>0x25c</run_address>
         <size>0xed</size>
         <input_file_ref idref="fl-2"/>
      </object_component>
      <object_component id="oc-e1">
         <name>.debug_pubtypes</name>
         <load_address>0x349</load_address>
         <run_address>0x349</run_address>
         <size>0x330</size>
         <input_file_ref idref="fl-2"/>
      </object_component>
      <object_component id="oc-94">
         <name>.debug_pubtypes</name>
         <load_address>0x679</load_address>
         <run_address>0x679</run_address>
         <size>0xaa</size>
         <input_file_ref idref="fl-2"/>
      </object_component>
      <object_component id="oc-dc">
         <name>.debug_pubtypes</name>
         <load_address>0x723</load_address>
         <run_address>0x723</run_address>
         <size>0xff</size>
         <input_file_ref idref="fl-3"/>
      </object_component>
      <object_component id="oc-5a">
         <name>.debug_pubtypes</name>
         <load_address>0x822</load_address>
         <run_address>0x822</run_address>
         <size>0x48</size>
         <input_file_ref idref="fl-bf"/>
      </object_component>
      <object_component id="oc-a7">
         <name>.debug_pubtypes</name>
         <load_address>0x86a</load_address>
         <run_address>0x86a</run_address>
         <size>0x1d</size>
         <input_file_ref idref="fl-bf"/>
      </object_component>
      <object_component id="oc-4a">
         <name>.debug_pubtypes</name>
         <load_address>0x887</load_address>
         <run_address>0x887</run_address>
         <size>0x5d</size>
         <input_file_ref idref="fl-c0"/>
      </object_component>
      <object_component id="oc-e6">
         <name>.debug_pubtypes</name>
         <load_address>0x8e4</load_address>
         <run_address>0x8e4</run_address>
         <size>0x48</size>
         <input_file_ref idref="fl-c0"/>
      </object_component>
      <object_component id="oc-a0">
         <name>.debug_pubtypes</name>
         <load_address>0x92c</load_address>
         <run_address>0x92c</run_address>
         <size>0x35</size>
         <input_file_ref idref="fl-c0"/>
      </object_component>
      <object_component id="oc-18b">
         <name>.debug_pubtypes</name>
         <load_address>0x961</load_address>
         <run_address>0x961</run_address>
         <size>0x32</size>
         <input_file_ref idref="fl-c4"/>
      </object_component>
      <object_component id="oc-1a6">
         <name>.debug_pubtypes</name>
         <load_address>0x993</load_address>
         <run_address>0x993</run_address>
         <size>0x30</size>
         <input_file_ref idref="fl-c4"/>
      </object_component>
      <object_component id="oc-190">
         <name>.debug_pubtypes</name>
         <load_address>0x9c3</load_address>
         <run_address>0x9c3</run_address>
         <size>0x2c</size>
         <input_file_ref idref="fl-c4"/>
      </object_component>
      <object_component id="oc-195">
         <name>.debug_pubtypes</name>
         <load_address>0x9ef</load_address>
         <run_address>0x9ef</run_address>
         <size>0x50</size>
         <input_file_ref idref="fl-c4"/>
      </object_component>
      <object_component id="oc-d4">
         <name>.debug_pubtypes</name>
         <load_address>0xa3f</load_address>
         <run_address>0xa3f</run_address>
         <size>0x1c6</size>
         <input_file_ref idref="fl-ca"/>
      </object_component>
      <object_component id="oc-19e">
         <name>.debug_pubtypes</name>
         <load_address>0xc05</load_address>
         <run_address>0xc05</run_address>
         <size>0x28</size>
         <input_file_ref idref="fl-cc"/>
      </object_component>
   </object_component_list>
   <logical_group_list>
      <logical_group id="lg-3" display="no" color="cyan">
         <name>.intvecs</name>
         <load_address>0x0</load_address>
         <run_address>0x0</run_address>
         <size>0x26c</size>
         <contents>
            <object_component_ref idref="oc-12"/>
         </contents>
      </logical_group>
      <logical_group id="lg-4" display="no" color="cyan">
         <name>.text</name>
         <load_address>0x26c</load_address>
         <run_address>0x26c</run_address>
         <size>0x55a</size>
         <contents>
            <object_component_ref idref="oc-c0"/>
            <object_component_ref idref="oc-101"/>
            <object_component_ref idref="oc-3f"/>
            <object_component_ref idref="oc-53"/>
            <object_component_ref idref="oc-15"/>
            <object_component_ref idref="oc-f5"/>
            <object_component_ref idref="oc-115"/>
            <object_component_ref idref="oc-71"/>
            <object_component_ref idref="oc-fb"/>
            <object_component_ref idref="oc-1b"/>
            <object_component_ref idref="oc-89"/>
            <object_component_ref idref="oc-27"/>
            <object_component_ref idref="oc-107"/>
            <object_component_ref idref="oc-ba"/>
            <object_component_ref idref="oc-109"/>
            <object_component_ref idref="oc-33"/>
            <object_component_ref idref="oc-39"/>
            <object_component_ref idref="oc-2d"/>
         </contents>
      </logical_group>
      <logical_group id="lg-5" display="no" color="cyan">
         <name>.const</name>
         <load_address>0x7c8</load_address>
         <run_address>0x7c8</run_address>
         <size>0xfc</size>
         <contents>
            <object_component_ref idref="oc-149"/>
            <object_component_ref idref="oc-14f"/>
         </contents>
      </logical_group>
      <logical_group id="lg-6" display="no" color="cyan">
         <name>.cinit</name>
         <load_address>0x8c8</load_address>
         <run_address>0x8c8</run_address>
         <size>0x18</size>
         <contents>
            <object_component_ref idref="oc-1da"/>
            <object_component_ref idref="oc-1dc"/>
            <object_component_ref idref="oc-1db"/>
         </contents>
      </logical_group>
      <logical_group id="lg-7" display="no" color="cyan">
         <name>.pinit</name>
         <run_address>0x0</run_address>
         <size>0x0</size>
         <contents>
         </contents>
      </logical_group>
      <logical_group id="lg-8" display="no" color="cyan">
         <name>.init_array</name>
         <run_address>0x0</run_address>
         <size>0x0</size>
         <contents>
         </contents>
      </logical_group>
      <logical_group id="lg-9" display="no" color="cyan">
         <name>.vtable</name>
         <run_address>0x0</run_address>
         <size>0x0</size>
         <contents>
         </contents>
      </logical_group>
      <logical_group id="lg-a" display="no" color="cyan">
         <name>.data</name>
         <run_address>0x20000100</run_address>
         <size>0x4</size>
         <contents>
            <object_component_ref idref="oc-8f"/>
         </contents>
      </logical_group>
      <logical_group id="lg-b" display="no" color="cyan">
         <name>.bss</name>
         <run_address>0x0</run_address>
         <size>0x0</size>
         <contents>
         </contents>
      </logical_group>
      <logical_group id="lg-c" display="no" color="cyan">
         <name>.sysmem</name>
         <run_address>0x0</run_address>
         <size>0x0</size>
         <contents>
         </contents>
      </logical_group>
      <logical_group id="lg-d" display="no" color="cyan">
         <name>.stack</name>
         <run_address>0x20000000</run_address>
         <size>0x100</size>
         <contents>
            <object_component_ref idref="oc-24"/>
            <object_component_ref idref="oc-1de"/>
         </contents>
      </logical_group>
      <logical_group id="lg-1b1" display="no" color="cyan">
         <name>.TI.noinit</name>
         <run_address>0x0</run_address>
         <size>0x0</size>
         <contents>
         </contents>
      </logical_group>
      <logical_group id="lg-1b2" display="no" color="cyan">
         <name>.TI.persistent</name>
         <run_address>0x0</run_address>
         <size>0x0</size>
         <contents>
         </contents>
      </logical_group>
      <logical_group id="lg-1b3" display="no" color="cyan">
         <name>__llvm_prf_cnts</name>
         <run_address>0x20000000</run_address>
         <size>0x0</size>
         <contents>
         </contents>
      </logical_group>
      <logical_group id="lg-1c2" display="never" color="cyan">
         <name>.debug_info</name>
         <load_address>0x0</load_address>
         <run_address>0x0</run_address>
         <size>0x41ec</size>
         <contents>
            <object_component_ref idref="oc-47"/>
            <object_component_ref idref="oc-13"/>
            <object_component_ref idref="oc-2a"/>
            <object_component_ref idref="oc-2e"/>
            <object_component_ref idref="oc-3b"/>
            <object_component_ref idref="oc-36"/>
            <object_component_ref idref="oc-9a"/>
            <object_component_ref idref="oc-4e"/>
            <object_component_ref idref="oc-e0"/>
            <object_component_ref idref="oc-93"/>
            <object_component_ref idref="oc-14e"/>
            <object_component_ref idref="oc-90"/>
            <object_component_ref idref="oc-fe"/>
            <object_component_ref idref="oc-c4"/>
            <object_component_ref idref="oc-40"/>
            <object_component_ref idref="oc-db"/>
            <object_component_ref idref="oc-5e"/>
            <object_component_ref idref="oc-1e"/>
            <object_component_ref idref="oc-59"/>
            <object_component_ref idref="oc-a6"/>
            <object_component_ref idref="oc-a4"/>
            <object_component_ref idref="oc-16"/>
            <object_component_ref idref="oc-49"/>
            <object_component_ref idref="oc-e5"/>
            <object_component_ref idref="oc-9f"/>
            <object_component_ref idref="oc-25"/>
            <object_component_ref idref="oc-73"/>
            <object_component_ref idref="oc-56"/>
            <object_component_ref idref="oc-15e"/>
            <object_component_ref idref="oc-116"/>
            <object_component_ref idref="oc-18a"/>
            <object_component_ref idref="oc-1a5"/>
            <object_component_ref idref="oc-18f"/>
            <object_component_ref idref="oc-194"/>
            <object_component_ref idref="oc-bb"/>
            <object_component_ref idref="oc-10c"/>
            <object_component_ref idref="oc-d8"/>
            <object_component_ref idref="oc-14a"/>
            <object_component_ref idref="oc-8a"/>
            <object_component_ref idref="oc-f6"/>
            <object_component_ref idref="oc-d3"/>
            <object_component_ref idref="oc-179"/>
            <object_component_ref idref="oc-150"/>
            <object_component_ref idref="oc-103"/>
            <object_component_ref idref="oc-19d"/>
            <object_component_ref idref="oc-1df"/>
         </contents>
      </logical_group>
      <logical_group id="lg-1c4" display="never" color="cyan">
         <name>.debug_line</name>
         <load_address>0x0</load_address>
         <run_address>0x0</run_address>
         <size>0x1347</size>
         <contents>
            <object_component_ref idref="oc-99"/>
            <object_component_ref idref="oc-46"/>
            <object_component_ref idref="oc-28"/>
            <object_component_ref idref="oc-31"/>
            <object_component_ref idref="oc-3e"/>
            <object_component_ref idref="oc-34"/>
            <object_component_ref idref="oc-9d"/>
            <object_component_ref idref="oc-51"/>
            <object_component_ref idref="oc-e3"/>
            <object_component_ref idref="oc-96"/>
            <object_component_ref idref="oc-176"/>
            <object_component_ref idref="oc-da"/>
            <object_component_ref idref="oc-fc"/>
            <object_component_ref idref="oc-c2"/>
            <object_component_ref idref="oc-44"/>
            <object_component_ref idref="oc-de"/>
            <object_component_ref idref="oc-ac"/>
            <object_component_ref idref="oc-1d"/>
            <object_component_ref idref="oc-5c"/>
            <object_component_ref idref="oc-a9"/>
            <object_component_ref idref="oc-eb"/>
            <object_component_ref idref="oc-19"/>
            <object_component_ref idref="oc-4c"/>
            <object_component_ref idref="oc-e8"/>
            <object_component_ref idref="oc-a2"/>
            <object_component_ref idref="oc-84"/>
            <object_component_ref idref="oc-72"/>
            <object_component_ref idref="oc-55"/>
            <object_component_ref idref="oc-189"/>
            <object_component_ref idref="oc-11a"/>
            <object_component_ref idref="oc-18d"/>
            <object_component_ref idref="oc-1a8"/>
            <object_component_ref idref="oc-192"/>
            <object_component_ref idref="oc-197"/>
            <object_component_ref idref="oc-bf"/>
            <object_component_ref idref="oc-10a"/>
            <object_component_ref idref="oc-148"/>
            <object_component_ref idref="oc-174"/>
            <object_component_ref idref="oc-8d"/>
            <object_component_ref idref="oc-f9"/>
            <object_component_ref idref="oc-d6"/>
            <object_component_ref idref="oc-19c"/>
            <object_component_ref idref="oc-178"/>
            <object_component_ref idref="oc-102"/>
            <object_component_ref idref="oc-1a0"/>
         </contents>
      </logical_group>
      <logical_group id="lg-1c6" display="never" color="cyan">
         <name>.debug_frame</name>
         <load_address>0x0</load_address>
         <run_address>0x0</run_address>
         <size>0x60b</size>
         <contents>
            <object_component_ref idref="oc-29"/>
            <object_component_ref idref="oc-32"/>
            <object_component_ref idref="oc-3a"/>
            <object_component_ref idref="oc-35"/>
            <object_component_ref idref="oc-100"/>
            <object_component_ref idref="oc-c1"/>
            <object_component_ref idref="oc-43"/>
            <object_component_ref idref="oc-20"/>
            <object_component_ref idref="oc-1a"/>
            <object_component_ref idref="oc-76"/>
            <object_component_ref idref="oc-119"/>
            <object_component_ref idref="oc-be"/>
            <object_component_ref idref="oc-10b"/>
            <object_component_ref idref="oc-8e"/>
            <object_component_ref idref="oc-fa"/>
            <object_component_ref idref="oc-106"/>
         </contents>
      </logical_group>
      <logical_group id="lg-1c8" display="never" color="cyan">
         <name>.debug_abbrev</name>
         <load_address>0x0</load_address>
         <run_address>0x0</run_address>
         <size>0xd74</size>
         <contents>
            <object_component_ref idref="oc-98"/>
            <object_component_ref idref="oc-45"/>
            <object_component_ref idref="oc-85"/>
            <object_component_ref idref="oc-86"/>
            <object_component_ref idref="oc-88"/>
            <object_component_ref idref="oc-87"/>
            <object_component_ref idref="oc-9c"/>
            <object_component_ref idref="oc-50"/>
            <object_component_ref idref="oc-e2"/>
            <object_component_ref idref="oc-95"/>
            <object_component_ref idref="oc-175"/>
            <object_component_ref idref="oc-d9"/>
            <object_component_ref idref="oc-14d"/>
            <object_component_ref idref="oc-108"/>
            <object_component_ref idref="oc-92"/>
            <object_component_ref idref="oc-dd"/>
            <object_component_ref idref="oc-ab"/>
            <object_component_ref idref="oc-58"/>
            <object_component_ref idref="oc-5b"/>
            <object_component_ref idref="oc-a8"/>
            <object_component_ref idref="oc-ea"/>
            <object_component_ref idref="oc-48"/>
            <object_component_ref idref="oc-4b"/>
            <object_component_ref idref="oc-e7"/>
            <object_component_ref idref="oc-a1"/>
            <object_component_ref idref="oc-83"/>
            <object_component_ref idref="oc-c9"/>
            <object_component_ref idref="oc-a5"/>
            <object_component_ref idref="oc-188"/>
            <object_component_ref idref="oc-15d"/>
            <object_component_ref idref="oc-18c"/>
            <object_component_ref idref="oc-1a7"/>
            <object_component_ref idref="oc-191"/>
            <object_component_ref idref="oc-196"/>
            <object_component_ref idref="oc-f4"/>
            <object_component_ref idref="oc-153"/>
            <object_component_ref idref="oc-147"/>
            <object_component_ref idref="oc-173"/>
            <object_component_ref idref="oc-d2"/>
            <object_component_ref idref="oc-14c"/>
            <object_component_ref idref="oc-d5"/>
            <object_component_ref idref="oc-19b"/>
            <object_component_ref idref="oc-177"/>
            <object_component_ref idref="oc-152"/>
            <object_component_ref idref="oc-19f"/>
            <object_component_ref idref="oc-1e0"/>
         </contents>
      </logical_group>
      <logical_group id="lg-1ca" display="never" color="cyan">
         <name>.debug_str</name>
         <load_address>0x0</load_address>
         <run_address>0x0</run_address>
         <size>0x17b1</size>
         <contents>
            <object_component_ref idref="oc-9e"/>
            <object_component_ref idref="oc-52"/>
            <object_component_ref idref="oc-e4"/>
            <object_component_ref idref="oc-97"/>
            <object_component_ref idref="oc-df"/>
            <object_component_ref idref="oc-5d"/>
            <object_component_ref idref="oc-aa"/>
            <object_component_ref idref="oc-4d"/>
            <object_component_ref idref="oc-e9"/>
            <object_component_ref idref="oc-a3"/>
            <object_component_ref idref="oc-18e"/>
            <object_component_ref idref="oc-1a9"/>
            <object_component_ref idref="oc-193"/>
            <object_component_ref idref="oc-198"/>
            <object_component_ref idref="oc-d7"/>
            <object_component_ref idref="oc-1a1"/>
         </contents>
      </logical_group>
      <logical_group id="lg-1cc" display="never" color="cyan">
         <name>.debug_aranges</name>
         <load_address>0x0</load_address>
         <run_address>0x0</run_address>
         <size>0x220</size>
         <contents>
            <object_component_ref idref="oc-2b"/>
            <object_component_ref idref="oc-30"/>
            <object_component_ref idref="oc-3d"/>
            <object_component_ref idref="oc-37"/>
            <object_component_ref idref="oc-fd"/>
            <object_component_ref idref="oc-c3"/>
            <object_component_ref idref="oc-41"/>
            <object_component_ref idref="oc-1c"/>
            <object_component_ref idref="oc-17"/>
            <object_component_ref idref="oc-74"/>
            <object_component_ref idref="oc-54"/>
            <object_component_ref idref="oc-117"/>
            <object_component_ref idref="oc-bd"/>
            <object_component_ref idref="oc-10d"/>
            <object_component_ref idref="oc-8c"/>
            <object_component_ref idref="oc-f7"/>
            <object_component_ref idref="oc-105"/>
         </contents>
      </logical_group>
      <logical_group id="lg-1ce" display="never" color="cyan">
         <name>.debug_pubnames</name>
         <load_address>0x0</load_address>
         <run_address>0x0</run_address>
         <size>0x308</size>
         <contents>
            <object_component_ref idref="oc-14"/>
            <object_component_ref idref="oc-2c"/>
            <object_component_ref idref="oc-2f"/>
            <object_component_ref idref="oc-3c"/>
            <object_component_ref idref="oc-38"/>
            <object_component_ref idref="oc-91"/>
            <object_component_ref idref="oc-ff"/>
            <object_component_ref idref="oc-c5"/>
            <object_component_ref idref="oc-42"/>
            <object_component_ref idref="oc-1f"/>
            <object_component_ref idref="oc-18"/>
            <object_component_ref idref="oc-26"/>
            <object_component_ref idref="oc-75"/>
            <object_component_ref idref="oc-57"/>
            <object_component_ref idref="oc-118"/>
            <object_component_ref idref="oc-bc"/>
            <object_component_ref idref="oc-10e"/>
            <object_component_ref idref="oc-14b"/>
            <object_component_ref idref="oc-8b"/>
            <object_component_ref idref="oc-f8"/>
            <object_component_ref idref="oc-151"/>
            <object_component_ref idref="oc-104"/>
         </contents>
      </logical_group>
      <logical_group id="lg-1d0" display="never" color="cyan">
         <name>.debug_pubtypes</name>
         <load_address>0x0</load_address>
         <run_address>0x0</run_address>
         <size>0xc2d</size>
         <contents>
            <object_component_ref idref="oc-9b"/>
            <object_component_ref idref="oc-4f"/>
            <object_component_ref idref="oc-e1"/>
            <object_component_ref idref="oc-94"/>
            <object_component_ref idref="oc-dc"/>
            <object_component_ref idref="oc-5a"/>
            <object_component_ref idref="oc-a7"/>
            <object_component_ref idref="oc-4a"/>
            <object_component_ref idref="oc-e6"/>
            <object_component_ref idref="oc-a0"/>
            <object_component_ref idref="oc-18b"/>
            <object_component_ref idref="oc-1a6"/>
            <object_component_ref idref="oc-190"/>
            <object_component_ref idref="oc-195"/>
            <object_component_ref idref="oc-d4"/>
            <object_component_ref idref="oc-19e"/>
         </contents>
      </logical_group>
      <logical_group id="lg-1dd" display="no" color="cyan">
         <name>Veneer$$CMSE</name>
         <run_address>0x0</run_address>
         <size>0x0</size>
         <contents>
         </contents>
      </logical_group>
      <load_segment id="lg-1e2" display="no" color="cyan">
         <name>SEGMENT_0</name>
         <load_address>0x0</load_address>
         <run_address>0x0</run_address>
         <size>0x8e0</size>
         <flags>0x5</flags>
         <contents>
            <logical_group_ref idref="lg-3"/>
            <logical_group_ref idref="lg-4"/>
            <logical_group_ref idref="lg-5"/>
            <logical_group_ref idref="lg-6"/>
         </contents>
      </load_segment>
      <load_segment id="lg-1e3" display="no" color="cyan">
         <name>SEGMENT_1</name>
         <run_address>0x20000000</run_address>
         <size>0x104</size>
         <flags>0x6</flags>
         <contents>
            <logical_group_ref idref="lg-d"/>
            <logical_group_ref idref="lg-a"/>
         </contents>
      </load_segment>
   </logical_group_list>
   <placement_map>
      <memory_area display="yes" color="green">
         <name>FLASH</name>
         <page_id>0x0</page_id>
         <origin>0x0</origin>
         <length>0x40000</length>
         <used_space>0x8da</used_space>
         <unused_space>0x3f726</unused_space>
         <attributes>RX</attributes>
         <usage_details>
            <allocated_space>
               <start_address>0x0</start_address>
               <size>0x26c</size>
               <logical_group_ref idref="lg-3"/>
            </allocated_space>
            <allocated_space>
               <start_address>0x26c</start_address>
               <size>0x55a</size>
               <logical_group_ref idref="lg-4"/>
            </allocated_space>
            <available_space>
               <start_address>0x7c6</start_address>
               <size>0x2</size>
            </available_space>
            <allocated_space>
               <start_address>0x7c8</start_address>
               <size>0xfc</size>
               <logical_group_ref idref="lg-5"/>
            </allocated_space>
            <available_space>
               <start_address>0x8c4</start_address>
               <size>0x4</size>
            </available_space>
            <allocated_space>
               <start_address>0x8c8</start_address>
               <size>0x18</size>
               <logical_group_ref idref="lg-6"/>
            </allocated_space>
            <available_space>
               <start_address>0x8e0</start_address>
               <size>0x3f720</size>
            </available_space>
         </usage_details>
      </memory_area>
      <memory_area display="yes" color="green">
         <name>SRAM</name>
         <page_id>0x0</page_id>
         <origin>0x20000000</origin>
         <length>0x8000</length>
         <used_space>0x104</used_space>
         <unused_space>0x7efc</unused_space>
         <attributes>RWX</attributes>
         <usage_details>
            <allocated_space>
               <start_address>0x20000000</start_address>
               <size>0x0</size>
               <logical_group_ref idref="lg-1b3"/>
            </allocated_space>
            <allocated_space>
               <start_address>0x20000000</start_address>
               <size>0x100</size>
               <logical_group_ref idref="lg-d"/>
            </allocated_space>
            <allocated_space>
               <start_address>0x20000100</start_address>
               <size>0x4</size>
               <logical_group_ref idref="lg-a"/>
            </allocated_space>
            <available_space>
               <start_address>0x20000104</start_address>
               <size>0x7efc</size>
            </available_space>
         </usage_details>
      </memory_area>
   </placement_map>
   <cptbl_list>
      <cptbl>
         <name>__TI_cinit_table</name>
         <cprec>
            <name>.data</name>
            <load_address>0x8d0</load_address>
            <load_size>0x7</load_size>
            <run_address>0x20000100</run_address>
            <run_size>0x4</run_size>
            <compression>lzss</compression>
         </cprec>
      </cptbl>
   </cptbl_list>
   <handler_table>
      <handler_table_name>__TI_handler_table</handler_table_name>
      <handler>
         <index>0x0</index>
         <name>__TI_decompress_lzss</name>
      </handler>
      <handler>
         <index>0x1</index>
         <name>__TI_decompress_none</name>
      </handler>
   </handler_table>
   <symbol_table>
      <symbol id="sm-1">
         <name>__STACK_TOP</name>
         <value>0x20000100</value>
      </symbol>
      <symbol id="sm-2">
         <name>__start___llvm_prf_cnts</name>
         <value>0x20000000</value>
      </symbol>
      <symbol id="sm-3">
         <name>__stop___llvm_prf_cnts</name>
         <value>0x20000000</value>
      </symbol>
      <symbol id="sm-4">
         <name>__TI_CINIT_Base</name>
         <value>0x8d8</value>
      </symbol>
      <symbol id="sm-5">
         <name>__TI_CINIT_Limit</name>
         <value>0x8e0</value>
      </symbol>
      <symbol id="sm-6">
         <name>__TI_Handler_Table_Base</name>
         <value>0x8c8</value>
      </symbol>
      <symbol id="sm-7">
         <name>__TI_Handler_Table_Limit</name>
         <value>0x8d0</value>
      </symbol>
      <symbol id="sm-8">
         <name>binit</name>
         <value>0xffffffff</value>
      </symbol>
      <symbol id="sm-9">
         <name>__binit__</name>
         <value>0xffffffff</value>
      </symbol>
      <symbol id="sm-a">
         <name>__STACK_SIZE</name>
         <value>0x100</value>
      </symbol>
      <symbol id="sm-b">
         <name>__STACK_END</name>
         <value>0x20000100</value>
      </symbol>
      <symbol id="sm-c">
         <name>__c_args__</name>
         <value>0xffffffff</value>
      </symbol>
      <symbol id="sm-d">
         <name>__TI_pprof_out_hndl</name>
         <value>0xffffffff</value>
      </symbol>
      <symbol id="sm-e">
         <name>__TI_prof_data_start</name>
         <value>0xffffffff</value>
      </symbol>
      <symbol id="sm-f">
         <name>__TI_prof_data_size</name>
         <value>0xffffffff</value>
      </symbol>
      <symbol id="sm-6b">
         <name>ResetISR</name>
         <value>0x7ad</value>
         <object_component_ref idref="oc-27"/>
      </symbol>
      <symbol id="sm-6c">
         <name>g_pfnVectors</name>
         <value>0x0</value>
         <object_component_ref idref="oc-12"/>
      </symbol>
      <symbol id="sm-ae">
         <name>i</name>
         <value>0x20000100</value>
         <object_component_ref idref="oc-8f"/>
      </symbol>
      <symbol id="sm-af">
         <name>UARTIntHandler</name>
         <value>0x4dd</value>
         <object_component_ref idref="oc-3f"/>
      </symbol>
      <symbol id="sm-b0">
         <name>main</name>
         <value>0x26d</value>
         <object_component_ref idref="oc-c0"/>
      </symbol>
      <symbol id="sm-b1">
         <name>UARTSend</name>
         <value>0x771</value>
         <object_component_ref idref="oc-fb"/>
      </symbol>
      <symbol id="sm-c9">
         <name>__TI_decompress_none</name>
         <value>0x799</value>
         <object_component_ref idref="oc-1b"/>
      </symbol>
      <symbol id="sm-ec">
         <name>__TI_decompress_lzss</name>
         <value>0x649</value>
         <object_component_ref idref="oc-15"/>
      </symbol>
      <symbol id="sm-ff">
         <name>__stack</name>
         <value>0x20000000</value>
         <object_component_ref idref="oc-24"/>
      </symbol>
      <symbol id="sm-100">
         <name>_c_int00_noargs</name>
         <value>0x73d</value>
         <object_component_ref idref="oc-71"/>
      </symbol>
      <symbol id="sm-11b">
         <name>memcpy</name>
         <value>0x5ad</value>
         <object_component_ref idref="oc-53"/>
      </symbol>
      <symbol id="sm-11c">
         <name>__aeabi_memcpy</name>
         <value>0x5ad</value>
         <object_component_ref idref="oc-53"/>
      </symbol>
      <symbol id="sm-11d">
         <name>__aeabi_memcpy8</name>
         <value>0x5ad</value>
         <object_component_ref idref="oc-53"/>
      </symbol>
      <symbol id="sm-11e">
         <name>__aeabi_memcpy4</name>
         <value>0x5ad</value>
         <object_component_ref idref="oc-53"/>
      </symbol>
      <symbol id="sm-147">
         <name>__TI_auto_init_nobinit_nopinit</name>
         <value>0x6f9</value>
         <object_component_ref idref="oc-115"/>
      </symbol>
      <symbol id="sm-151">
         <name>_system_pre_init</name>
         <value>0x7b9</value>
         <object_component_ref idref="oc-ba"/>
      </symbol>
      <symbol id="sm-15d">
         <name>C$$EXIT</name>
         <value>0x7bd</value>
         <object_component_ref idref="oc-109"/>
      </symbol>
      <symbol id="sm-15e">
         <name>abort</name>
         <value>0x7bd</value>
         <object_component_ref idref="oc-109"/>
      </symbol>
      <symbol id="sm-185">
         <name>GPIOPinConfigure</name>
         <value>0x6b1</value>
         <object_component_ref idref="oc-f5"/>
      </symbol>
      <symbol id="sm-186">
         <name>GPIOPinWrite</name>
         <value>0x7a7</value>
         <object_component_ref idref="oc-89"/>
      </symbol>
      <symbol id="sm-1b9">
         <name>SysCtlDelay</name>
         <value>0x7b3</value>
         <object_component_ref idref="oc-107"/>
      </symbol>
      <symbol id="sm-1ba">
         <name>SysCtlClockGet</name>
         <value>0x3cd</value>
         <object_component_ref idref="oc-101"/>
      </symbol>
      <symbol id="sm-1bc">
         <name>__TI_static_base__</name>
         <value>0x0</value>
      </symbol>
      <symbol id="sm-1bf">
         <name>__mpu_init</name>
         <value>0x0</value>
      </symbol>
      <symbol id="sm-1c0">
         <name>_system_post_cinit</name>
         <value>0x0</value>
      </symbol>
   </symbol_table>
   <title>Link successful</title>
</link_info>
